system,mean_rt,mean_active_servers,mean_dimmer,human_calls,max_rt,min_rt,min_servers,max_servers
maper,3.7623809523809535,9.476190476190476,0.8999999999999998,0.0,6.58,0.02,2.0,17.0
baseline,6.380476190476189,2.3333333333333335,0.8999999999999998,19.0,7.92,0.02,2.0,3.0
difference,-2.618095238095236,7.142857142857142,0.0,-19,-1.3399999999999999,0.0,-,-
relative_improvement,69.58612833818495,306.1224489795918,0.0,-,20.364741641337385,0.0,-,-
