system,mean_rt,mean_active_servers,mean_dimmer,human_calls,max_rt,min_rt
maper,5.197619047619049,6.714285714285714,0.8999999999999998,0.0,7.77,0.02
baseline,6.411428571428574,2.3333333333333335,0.8999999999999998,19.0,8.13,0.03
difference,-1.213809523809525,4.380952380952381,0.0,-19.0,-0.3600000000000012,-0.009999999999999998
relative_improvement,23.35318369216676,187.75510204081633,0.0,-,4.633204633204649,49.99999999999999
