system,mean_rt,mean_active_servers,mean_dimmer,human_calls,max_rt,min_rt
maper,6.032380952380953,2.7142857142857144,0.8999999999999998,0.0,8.09,0.03
baseline,6.293333333333333,2.3333333333333335,0.8999999999999998,19.0,7.93,0.03
difference,-0.2609523809523804,0.38095238095238093,0.0,-19.0,0.16000000000000014,0.0
relative_improvement,4.325860435743596,16.3265306122449,0.0,-,-1.9777503090234876,0.0
