system,mean_rt,mean_active_servers,mean_dimmer,human_calls,max_rt,min_rt
maper,3.7771428571428567,6.761904761904762,0.9523809523809523,0.0,5.75,0.02
baseline,8.607619047619048,1.4285714285714286,0.8999999999999998,20.0,9.81,0.02
difference,-4.830476190476191,5.333333333333333,0.05238095238095253,-20.0,-4.0600000000000005,0.0
relative_improvement,127.88703983862838,373.33333333333326,5.820105820105838,-,70.60869565217392,0.0
