system,mean_rt,mean_active_servers,mean_dimmer,human_calls,max_rt,min_rt
maper,3.433809523809524,9.857142857142858,0.8999999999999998,0.0,6.31,0.02
baseline,6.385714285714285,2.3333333333333335,0.8999999999999998,19.0,8.02,0.02
difference,-2.9519047619047614,7.523809523809524,0.0,-19.0,-1.71,0.0
relative_improvement,85.96588545278046,322.44897959183675,0.0,-,27.099841521394612,0.0
