system,mean_rt,mean_active_servers,mean_dimmer,human_calls,max_rt,min_rt
maper,6.508571428571429,5.666666666666667,0.9857142857142857,0.0,7.04,0.03
baseline,6.391904761904763,2.3333333333333335,0.8999999999999998,19.0,8.09,0.03
difference,0.11666666666666625,3.3333333333333335,0.08571428571428585,-19.0,-1.0499999999999998,0.0
relative_improvement,-1.792508047995311,142.85714285714286,9.523809523809541,-,14.914772727272725,0.0
