system,mean_rt,mean_active_servers,mean_dimmer,human_calls,max_rt,min_rt
maper,3.038095238095238,8.571428571428571,0.7333333333333333,0.0,6.83,0.03
baseline,6.493809523809524,2.3333333333333335,0.8999999999999998,19.0,8.29,0.03
difference,-3.4557142857142864,6.238095238095237,-0.16666666666666652,-19.0,-1.459999999999999,0.0
relative_improvement,113.74608150470223,267.3469387755102,-18.518518518518505,-,21.376281112737907,0.0
